period,msn,seriesDescription,value,unit
2010-01,ELDUPUS,Electricity Direct Use in Million Kilowatthours,11084.296,Million Kilowatthours
2010-01,LOTCBUS,Total Electrical Energy System Losses Proportioned to the End-Use Sectors in Trillion Btu,2158.323,Trillion Btu
2010-02,ELDUPUS,Electricity Direct Use in Million Kilowatthours,10144.36,Million Kilowatthours
2010-02,LOTCBUS,Total Electrical Energy System Losses Proportioned to the End-Use Sectors in Trillion Btu,1882.907,Trillion Btu
2010-03,ELDUPUS,Electricity Direct Use in Million Kilowatthours,10883.692,Million Kilowatthours
2010-03,LOTCBUS,Total Electrical Energy System Losses Proportioned to the End-Use Sectors in Trillion Btu,1815.034,Trillion Btu
2010-04,ELDUPUS,Electricity Direct Use in Million Kilowatthours,10090.618,Million Kilowatthours
2010-04,LOTCBUS,Total Electrical Energy System Losses Proportioned to the End-Use Sectors in Trillion Btu,1652.686,Trillion Btu
2010-05,ELDUPUS,Electricity Direct Use in Million Kilowatthours,10610.624,Million Kilowatthours
2010-05,LOTCBUS,Total Electrical Energy System Losses Proportioned to the End-Use Sectors in Trillion Btu,1972.3,Trillion Btu
2010-06,ELDUPUS,Electricity Direct Use in Million Kilowatthours,11037.177,Million Kilowatthours
2010-06,LOTCBUS,Total Electrical Energy System Losses Proportioned to the End-Use Sectors in Trillion Btu,2232.651,Trillion Btu
2010-07,ELDUPUS,Electricity Direct Use in Million Kilowatthours,11689.951,Million Kilowatthours
2010-07,LOTCBUS,Total Electrical Energy System Losses Proportioned to the End-Use Sectors in Trillion Btu,2467.349,Trillion Btu
2010-08,ELDUPUS,Electricity Direct Use in Million Kilowatthours,12297.671,Million Kilowatthours
2010-08,LOTCBUS,Total Electrical Energy System Losses Proportioned to the End-Use Sectors in Trillion Btu,2469.242,Trillion Btu
2010-09,ELDUPUS,Electricity Direct Use in Million Kilowatthours,11221.403,Million Kilowatthours
2010-09,LOTCBUS,Total Electrical Energy System Losses Proportioned to the End-Use Sectors in Trillion Btu,2024.501,Trillion Btu
2010-10,ELDUPUS,Electricity Direct Use in Million Kilowatthours,10605.297,Million Kilowatthours
2010-10,LOTCBUS,Total Electrical Energy System Losses Proportioned to the End-Use Sectors in Trillion Btu,1788.91,Trillion Btu
2010-11,ELDUPUS,Electricity Direct Use in Million Kilowatthours,10520.291,Million Kilowatthours
2010-11,LOTCBUS,Total Electrical Energy System Losses Proportioned to the End-Use Sectors in Trillion Btu,1811.838,Trillion Btu
2010-12,ELDUPUS,Electricity Direct Use in Million Kilowatthours,11724.868,Million Kilowatthours
2010-12,LOTCBUS,Total Electrical Energy System Losses Proportioned to the End-Use Sectors in Trillion Btu,2186.028,Trillion Btu
2011-01,ELDUPUS,Electricity Direct Use in Million Kilowatthours,11244.845,Million Kilowatthours
2011-01,LOTCBUS,Total Electrical Energy System Losses Proportioned to the End-Use Sectors in Trillion Btu,2113.265,Trillion Btu
2011-02,ELDUPUS,Electricity Direct Use in Million Kilowatthours,10042.279,Million Kilowatthours
2011-02,LOTCBUS,Total Electrical Energy System Losses Proportioned to the End-Use Sectors in Trillion Btu,1766.771,Trillion Btu
2011-03,ELDUPUS,Electricity Direct Use in Million Kilowatthours,10398.003,Million Kilowatthours
2011-03,LOTCBUS,Total Electrical Energy System Losses Proportioned to the End-Use Sectors in Trillion Btu,1800.873,Trillion Btu
2011-04,ELDUPUS,Electricity Direct Use in Million Kilowatthours,10380.114,Million Kilowatthours
2011-04,LOTCBUS,Total Electrical Energy System Losses Proportioned to the End-Use Sectors in Trillion Btu,1672.784,Trillion Btu
2011-05,ELDUPUS,Electricity Direct Use in Million Kilowatthours,10680.916,Million Kilowatthours
2011-05,LOTCBUS,Total Electrical Energy System Losses Proportioned to the End-Use Sectors in Trillion Btu,1839.695,Trillion Btu
2011-06,ELDUPUS,Electricity Direct Use in Million Kilowatthours,11181.143,Million Kilowatthours
2011-06,LOTCBUS,Total Electrical Energy System Losses Proportioned to the End-Use Sectors in Trillion Btu,2121.252,Trillion Btu
2011-07,ELDUPUS,Electricity Direct Use in Million Kilowatthours,12135.78,Million Kilowatthours
2011-07,LOTCBUS,Total Electrical Energy System Losses Proportioned to the End-Use Sectors in Trillion Btu,2489.808,Trillion Btu
2011-08,ELDUPUS,Electricity Direct Use in Million Kilowatthours,12292.246,Million Kilowatthours
2011-08,LOTCBUS,Total Electrical Energy System Losses Proportioned to the End-Use Sectors in Trillion Btu,2391.802,Trillion Btu
2011-09,ELDUPUS,Electricity Direct Use in Million Kilowatthours,11198.974,Million Kilowatthours
2011-09,LOTCBUS,Total Electrical Energy System Losses Proportioned to the End-Use Sectors in Trillion Btu,1934.088,Trillion Btu
2011-10,ELDUPUS,Electricity Direct Use in Million Kilowatthours,10503.791,Million Kilowatthours
2011-10,LOTCBUS,Total Electrical Energy System Losses Proportioned to the End-Use Sectors in Trillion Btu,1780.582,Trillion Btu
2011-11,ELDUPUS,Electricity Direct Use in Million Kilowatthours,10888.015,Million Kilowatthours
2011-11,LOTCBUS,Total Electrical Energy System Losses Proportioned to the End-Use Sectors in Trillion Btu,1760.343,Trillion Btu
2011-12,ELDUPUS,Electricity Direct Use in Million Kilowatthours,11807.93,Million Kilowatthours
2011-12,LOTCBUS,Total Electrical Energy System Losses Proportioned to the End-Use Sectors in Trillion Btu,1959.458,Trillion Btu
2012-01,ELDUPUS,Electricity Direct Use in Million Kilowatthours,11667.479,Million Kilowatthours
2012-01,LOTCBUS,Total Electrical Energy System Losses Proportioned to the End-Use Sectors in Trillion Btu,1916.776,Trillion Btu
2012-02,ELDUPUS,Electricity Direct Use in Million Kilowatthours,11018.208,Million Kilowatthours
2012-02,LOTCBUS,Total Electrical Energy System Losses Proportioned to the End-Use Sectors in Trillion Btu,1727.629,Trillion Btu
2012-03,ELDUPUS,Electricity Direct Use in Million Kilowatthours,11012.588,Million Kilowatthours
2012-03,LOTCBUS,Total Electrical Energy System Losses Proportioned to the End-Use Sectors in Trillion Btu,1668.513,Trillion Btu
2012-04,ELDUPUS,Electricity Direct Use in Million Kilowatthours,10534.785,Million Kilowatthours
2012-04,LOTCBUS,Total Electrical Energy System Losses Proportioned to the End-Use Sectors in Trillion Btu,1578.519,Trillion Btu
2012-05,ELDUPUS,Electricity Direct Use in Million Kilowatthours,11297.431,Million Kilowatthours
2012-05,LOTCBUS,Total Electrical Energy System Losses Proportioned to the End-Use Sectors in Trillion Btu,1881.585,Trillion Btu
2012-06,ELDUPUS,Electricity Direct Use in Million Kilowatthours,11426.712,Million Kilowatthours
2012-06,LOTCBUS,Total Electrical Energy System Losses Proportioned to the End-Use Sectors in Trillion Btu,2052.401,Trillion Btu
2012-07,ELDUPUS,Electricity Direct Use in Million Kilowatthours,12527.636,Million Kilowatthours
2012-07,LOTCBUS,Total Electrical Energy System Losses Proportioned to the End-Use Sectors in Trillion Btu,2427.433,Trillion Btu
2012-08,ELDUPUS,Electricity Direct Use in Million Kilowatthours,12423.427,Million Kilowatthours
2012-08,LOTCBUS,Total Electrical Energy System Losses Proportioned to the End-Use Sectors in Trillion Btu,2283.807,Trillion Btu
2012-09,ELDUPUS,Electricity Direct Use in Million Kilowatthours,11367.995,Million Kilowatthours
2012-09,LOTCBUS,Total Electrical Energy System Losses Proportioned to the End-Use Sectors in Trillion Btu,1903.082,Trillion Btu
2012-10,ELDUPUS,Electricity Direct Use in Million Kilowatthours,11146.367,Million Kilowatthours
2012-10,LOTCBUS,Total Electrical Energy System Losses Proportioned to the End-Use Sectors in Trillion Btu,1761.629,Trillion Btu
2012-11,ELDUPUS,Electricity Direct Use in Million Kilowatthours,11306.461,Million Kilowatthours
2012-11,LOTCBUS,Total Electrical Energy System Losses Proportioned to the End-Use Sectors in Trillion Btu,1751.653,Trillion Btu
2012-12,ELDUPUS,Electricity Direct Use in Million Kilowatthours,11927.419,Million Kilowatthours
2012-12,LOTCBUS,Total Electrical Energy System Losses Proportioned to the End-Use Sectors in Trillion Btu,1919.941,Trillion Btu
2013-01,ELDUPUS,Electricity Direct Use in Million Kilowatthours,12295.508,Million Kilowatthours
2013-01,LOTCBUS,Total Electrical Energy System Losses Proportioned to the End-Use Sectors in Trillion Btu,1951.934,Trillion Btu
2013-02,ELDUPUS,Electricity Direct Use in Million Kilowatthours,11078.796,Million Kilowatthours
2013-02,LOTCBUS,Total Electrical Energy System Losses Proportioned to the End-Use Sectors in Trillion Btu,1702.719,Trillion Btu
2013-03,ELDUPUS,Electricity Direct Use in Million Kilowatthours,11999.514,Million Kilowatthours
2013-03,LOTCBUS,Total Electrical Energy System Losses Proportioned to the End-Use Sectors in Trillion Btu,1810.995,Trillion Btu
2013-04,ELDUPUS,Electricity Direct Use in Million Kilowatthours,11075.838,Million Kilowatthours
2013-04,LOTCBUS,Total Electrical Energy System Losses Proportioned to the End-Use Sectors in Trillion Btu,1601.484,Trillion Btu
2013-05,ELDUPUS,Electricity Direct Use in Million Kilowatthours,11607.887,Million Kilowatthours
2013-05,LOTCBUS,Total Electrical Energy System Losses Proportioned to the End-Use Sectors in Trillion Btu,1768.117,Trillion Btu
2013-06,ELDUPUS,Electricity Direct Use in Million Kilowatthours,11969.042,Million Kilowatthours
2013-06,LOTCBUS,Total Electrical Energy System Losses Proportioned to the End-Use Sectors in Trillion Btu,2015.174,Trillion Btu
2013-07,ELDUPUS,Electricity Direct Use in Million Kilowatthours,13030.944,Million Kilowatthours
2013-07,LOTCBUS,Total Electrical Energy System Losses Proportioned to the End-Use Sectors in Trillion Btu,2259.905,Trillion Btu
2013-08,ELDUPUS,Electricity Direct Use in Million Kilowatthours,12681.979,Million Kilowatthours
2013-08,LOTCBUS,Total Electrical Energy System Losses Proportioned to the End-Use Sectors in Trillion Btu,2226.32,Trillion Btu
2013-09,ELDUPUS,Electricity Direct Use in Million Kilowatthours,11762.474,Million Kilowatthours
2013-09,LOTCBUS,Total Electrical Energy System Losses Proportioned to the End-Use Sectors in Trillion Btu,1923.013,Trillion Btu
2013-10,ELDUPUS,Electricity Direct Use in Million Kilowatthours,11621.367,Million Kilowatthours
2013-10,LOTCBUS,Total Electrical Energy System Losses Proportioned to the End-Use Sectors in Trillion Btu,1760.325,Trillion Btu
2013-11,ELDUPUS,Electricity Direct Use in Million Kilowatthours,11717.828,Million Kilowatthours
2013-11,LOTCBUS,Total Electrical Energy System Losses Proportioned to the End-Use Sectors in Trillion Btu,1788.634,Trillion Btu
2013-12,ELDUPUS,Electricity Direct Use in Million Kilowatthours,12620.76,Million Kilowatthours
2013-12,LOTCBUS,Total Electrical Energy System Losses Proportioned to the End-Use Sectors in Trillion Btu,2034.837,Trillion Btu
2014-01,ELDUPUS,Electricity Direct Use in Million Kilowatthours,12042.541,Million Kilowatthours
2014-01,LOTCBUS,Total Electrical Energy System Losses Proportioned to the End-Use Sectors in Trillion Btu,2161.016,Trillion Btu
2014-02,ELDUPUS,Electricity Direct Use in Million Kilowatthours,10682.759,Million Kilowatthours
2014-02,LOTCBUS,Total Electrical Energy System Losses Proportioned to the End-Use Sectors in Trillion Btu,1827.558,Trillion Btu
2014-03,ELDUPUS,Electricity Direct Use in Million Kilowatthours,11422.832,Million Kilowatthours
2014-03,LOTCBUS,Total Electrical Energy System Losses Proportioned to the End-Use Sectors in Trillion Btu,1826.887,Trillion Btu
2014-04,ELDUPUS,Electricity Direct Use in Million Kilowatthours,10775.561,Million Kilowatthours
2014-04,LOTCBUS,Total Electrical Energy System Losses Proportioned to the End-Use Sectors in Trillion Btu,1558.556,Trillion Btu
2014-05,ELDUPUS,Electricity Direct Use in Million Kilowatthours,11196.077,Million Kilowatthours
2014-05,LOTCBUS,Total Electrical Energy System Losses Proportioned to the End-Use Sectors in Trillion Btu,1789.966,Trillion Btu
2014-06,ELDUPUS,Electricity Direct Use in Million Kilowatthours,11375.699,Million Kilowatthours
2014-06,LOTCBUS,Total Electrical Energy System Losses Proportioned to the End-Use Sectors in Trillion Btu,2013.185,Trillion Btu
2014-07,ELDUPUS,Electricity Direct Use in Million Kilowatthours,12354.807,Million Kilowatthours
2014-07,LOTCBUS,Total Electrical Energy System Losses Proportioned to the End-Use Sectors in Trillion Btu,2206.628,Trillion Btu
2014-08,ELDUPUS,Electricity Direct Use in Million Kilowatthours,12420.944,Million Kilowatthours
2014-08,LOTCBUS,Total Electrical Energy System Losses Proportioned to the End-Use Sectors in Trillion Btu,2223.901,Trillion Btu
2014-09,ELDUPUS,Electricity Direct Use in Million Kilowatthours,11618.86,Million Kilowatthours
2014-09,LOTCBUS,Total Electrical Energy System Losses Proportioned to the End-Use Sectors in Trillion Btu,1896.126,Trillion Btu
2014-10,ELDUPUS,Electricity Direct Use in Million Kilowatthours,11215.949,Million Kilowatthours
2014-10,LOTCBUS,Total Electrical Energy System Losses Proportioned to the End-Use Sectors in Trillion Btu,1727.868,Trillion Btu
2014-11,ELDUPUS,Electricity Direct Use in Million Kilowatthours,11288.361,Million Kilowatthours
2014-11,LOTCBUS,Total Electrical Energy System Losses Proportioned to the End-Use Sectors in Trillion Btu,1781.746,Trillion Btu
2014-12,ELDUPUS,Electricity Direct Use in Million Kilowatthours,12179.494,Million Kilowatthours
2014-12,LOTCBUS,Total Electrical Energy System Losses Proportioned to the End-Use Sectors in Trillion Btu,1886.734,Trillion Btu
2015-01,ELDUPUS,Electricity Direct Use in Million Kilowatthours,12214.371,Million Kilowatthours
2015-01,LOTCBUS,Total Electrical Energy System Losses Proportioned to the End-Use Sectors in Trillion Btu,1986.358,Trillion Btu
2015-02,ELDUPUS,Electricity Direct Use in Million Kilowatthours,10703.322,Million Kilowatthours
2015-02,LOTCBUS,Total Electrical Energy System Losses Proportioned to the End-Use Sectors in Trillion Btu,1821.402,Trillion Btu
2015-03,ELDUPUS,Electricity Direct Use in Million Kilowatthours,11103.245,Million Kilowatthours
2015-03,LOTCBUS,Total Electrical Energy System Losses Proportioned to the End-Use Sectors in Trillion Btu,1707.294,Trillion Btu
2015-04,ELDUPUS,Electricity Direct Use in Million Kilowatthours,10643.77,Million Kilowatthours
2015-04,LOTCBUS,Total Electrical Energy System Losses Proportioned to the End-Use Sectors in Trillion Btu,1524.695,Trillion Btu
2015-05,ELDUPUS,Electricity Direct Use in Million Kilowatthours,11177.657,Million Kilowatthours
2015-05,LOTCBUS,Total Electrical Energy System Losses Proportioned to the End-Use Sectors in Trillion Btu,1776.622,Trillion Btu
2015-06,ELDUPUS,Electricity Direct Use in Million Kilowatthours,11897.36,Million Kilowatthours
2015-06,LOTCBUS,Total Electrical Energy System Losses Proportioned to the End-Use Sectors in Trillion Btu,2047.339,Trillion Btu
2015-07,ELDUPUS,Electricity Direct Use in Million Kilowatthours,12956.314,Million Kilowatthours
2015-07,LOTCBUS,Total Electrical Energy System Losses Proportioned to the End-Use Sectors in Trillion Btu,2275.15,Trillion Btu
2015-08,ELDUPUS,Electricity Direct Use in Million Kilowatthours,12715.968,Million Kilowatthours
2015-08,LOTCBUS,Total Electrical Energy System Losses Proportioned to the End-Use Sectors in Trillion Btu,2206.725,Trillion Btu
2015-09,ELDUPUS,Electricity Direct Use in Million Kilowatthours,12041.97,Million Kilowatthours
2015-09,LOTCBUS,Total Electrical Energy System Losses Proportioned to the End-Use Sectors in Trillion Btu,1918.043,Trillion Btu
2015-10,ELDUPUS,Electricity Direct Use in Million Kilowatthours,11542.161,Million Kilowatthours
2015-10,LOTCBUS,Total Electrical Energy System Losses Proportioned to the End-Use Sectors in Trillion Btu,1662.935,Trillion Btu
2015-11,ELDUPUS,Electricity Direct Use in Million Kilowatthours,11683.711,Million Kilowatthours
2015-11,LOTCBUS,Total Electrical Energy System Losses Proportioned to the End-Use Sectors in Trillion Btu,1603.037,Trillion Btu
2015-12,ELDUPUS,Electricity Direct Use in Million Kilowatthours,12487.67,Million Kilowatthours
2015-12,LOTCBUS,Total Electrical Energy System Losses Proportioned to the End-Use Sectors in Trillion Btu,1706.293,Trillion Btu
2016-01,ELDUPUS,Electricity Direct Use in Million Kilowatthours,11919.892,Million Kilowatthours
2016-01,LOTCBUS,Total Electrical Energy System Losses Proportioned to the End-Use Sectors in Trillion Btu,1899.999,Trillion Btu
2016-02,ELDUPUS,Electricity Direct Use in Million Kilowatthours,11077.664,Million Kilowatthours
2016-02,LOTCBUS,Total Electrical Energy System Losses Proportioned to the End-Use Sectors in Trillion Btu,1599.425,Trillion Btu
2016-03,ELDUPUS,Electricity Direct Use in Million Kilowatthours,11575.036,Million Kilowatthours
2016-03,LOTCBUS,Total Electrical Energy System Losses Proportioned to the End-Use Sectors in Trillion Btu,1510.124,Trillion Btu
2016-04,ELDUPUS,Electricity Direct Use in Million Kilowatthours,10885.668,Million Kilowatthours
2016-04,LOTCBUS,Total Electrical Energy System Losses Proportioned to the End-Use Sectors in Trillion Btu,1472.73,Trillion Btu
2016-05,ELDUPUS,Electricity Direct Use in Million Kilowatthours,11378.677,Million Kilowatthours
2016-05,LOTCBUS,Total Electrical Energy System Losses Proportioned to the End-Use Sectors in Trillion Btu,1661.574,Trillion Btu
2016-06,ELDUPUS,Electricity Direct Use in Million Kilowatthours,11758.717,Million Kilowatthours
2016-06,LOTCBUS,Total Electrical Energy System Losses Proportioned to the End-Use Sectors in Trillion Btu,2021.847,Trillion Btu
2016-07,ELDUPUS,Electricity Direct Use in Million Kilowatthours,12566.384,Million Kilowatthours
2016-07,LOTCBUS,Total Electrical Energy System Losses Proportioned to the End-Use Sectors in Trillion Btu,2306.273,Trillion Btu
2016-08,ELDUPUS,Electricity Direct Use in Million Kilowatthours,12672.259,Million Kilowatthours
2016-08,LOTCBUS,Total Electrical Energy System Losses Proportioned to the End-Use Sectors in Trillion Btu,2273.387,Trillion Btu
2016-09,ELDUPUS,Electricity Direct Use in Million Kilowatthours,11660.294,Million Kilowatthours
2016-09,LOTCBUS,Total Electrical Energy System Losses Proportioned to the End-Use Sectors in Trillion Btu,1879.632,Trillion Btu
2016-10,ELDUPUS,Electricity Direct Use in Million Kilowatthours,11349.231,Million Kilowatthours
2016-10,LOTCBUS,Total Electrical Energy System Losses Proportioned to the End-Use Sectors in Trillion Btu,1651.538,Trillion Btu
2016-11,ELDUPUS,Electricity Direct Use in Million Kilowatthours,11267.696,Million Kilowatthours
2016-11,LOTCBUS,Total Electrical Energy System Losses Proportioned to the End-Use Sectors in Trillion Btu,1565.376,Trillion Btu
2016-12,ELDUPUS,Electricity Direct Use in Million Kilowatthours,11725.182,Million Kilowatthours
2016-12,LOTCBUS,Total Electrical Energy System Losses Proportioned to the End-Use Sectors in Trillion Btu,1877.677,Trillion Btu
2017-01,ELDUPUS,Electricity Direct Use in Million Kilowatthours,12110.852,Million Kilowatthours
2017-01,LOTCBUS,Total Electrical Energy System Losses Proportioned to the End-Use Sectors in Trillion Btu,1830.1,Trillion Btu
2017-02,ELDUPUS,Electricity Direct Use in Million Kilowatthours,10917.146,Million Kilowatthours
2017-02,LOTCBUS,Total Electrical Energy System Losses Proportioned to the End-Use Sectors in Trillion Btu,1466.959,Trillion Btu
2017-03,ELDUPUS,Electricity Direct Use in Million Kilowatthours,11643.948,Million Kilowatthours
2017-03,LOTCBUS,Total Electrical Energy System Losses Proportioned to the End-Use Sectors in Trillion Btu,1596.147,Trillion Btu
2017-04,ELDUPUS,Electricity Direct Use in Million Kilowatthours,11201.728,Million Kilowatthours
2017-04,LOTCBUS,Total Electrical Energy System Losses Proportioned to the End-Use Sectors in Trillion Btu,1425.879,Trillion Btu
2017-05,ELDUPUS,Electricity Direct Use in Million Kilowatthours,11454.801,Million Kilowatthours
2017-05,LOTCBUS,Total Electrical Energy System Losses Proportioned to the End-Use Sectors in Trillion Btu,1620.804,Trillion Btu
2017-06,ELDUPUS,Electricity Direct Use in Million Kilowatthours,11938.35,Million Kilowatthours
2017-06,LOTCBUS,Total Electrical Energy System Losses Proportioned to the End-Use Sectors in Trillion Btu,1851.371,Trillion Btu
2017-07,ELDUPUS,Electricity Direct Use in Million Kilowatthours,12708.695,Million Kilowatthours
2017-07,LOTCBUS,Total Electrical Energy System Losses Proportioned to the End-Use Sectors in Trillion Btu,2182.024,Trillion Btu
2017-08,ELDUPUS,Electricity Direct Use in Million Kilowatthours,12534.033,Million Kilowatthours
2017-08,LOTCBUS,Total Electrical Energy System Losses Proportioned to the End-Use Sectors in Trillion Btu,2058.926,Trillion Btu
2017-09,ELDUPUS,Electricity Direct Use in Million Kilowatthours,11184.433,Million Kilowatthours
2017-09,LOTCBUS,Total Electrical Energy System Losses Proportioned to the End-Use Sectors in Trillion Btu,1759.232,Trillion Btu
2017-10,ELDUPUS,Electricity Direct Use in Million Kilowatthours,11312.068,Million Kilowatthours
2017-10,LOTCBUS,Total Electrical Energy System Losses Proportioned to the End-Use Sectors in Trillion Btu,1645.62,Trillion Btu
2017-11,ELDUPUS,Electricity Direct Use in Million Kilowatthours,11449.564,Million Kilowatthours
2017-11,LOTCBUS,Total Electrical Energy System Losses Proportioned to the End-Use Sectors in Trillion Btu,1614.904,Trillion Btu
2017-12,ELDUPUS,Electricity Direct Use in Million Kilowatthours,12503.772,Million Kilowatthours
2017-12,LOTCBUS,Total Electrical Energy System Losses Proportioned to the End-Use Sectors in Trillion Btu,1879.062,Trillion Btu
2018-01,ELDUPUS,Electricity Direct Use in Million Kilowatthours,12386.487,Million Kilowatthours
2018-01,LOTCBUS,Total Electrical Energy System Losses Proportioned to the End-Use Sectors in Trillion Btu,1956.897,Trillion Btu
2018-02,ELDUPUS,Electricity Direct Use in Million Kilowatthours,11019.756,Million Kilowatthours
2018-02,LOTCBUS,Total Electrical Energy System Losses Proportioned to the End-Use Sectors in Trillion Btu,1510.121,Trillion Btu
2018-03,ELDUPUS,Electricity Direct Use in Million Kilowatthours,11504.611,Million Kilowatthours
2018-03,LOTCBUS,Total Electrical Energy System Losses Proportioned to the End-Use Sectors in Trillion Btu,1585.491,Trillion Btu
2018-04,ELDUPUS,Electricity Direct Use in Million Kilowatthours,11007.268,Million Kilowatthours
2018-04,LOTCBUS,Total Electrical Energy System Losses Proportioned to the End-Use Sectors in Trillion Btu,1437.679,Trillion Btu
2018-05,ELDUPUS,Electricity Direct Use in Million Kilowatthours,11722.722,Million Kilowatthours
2018-05,LOTCBUS,Total Electrical Energy System Losses Proportioned to the End-Use Sectors in Trillion Btu,1722.697,Trillion Btu
2018-06,ELDUPUS,Electricity Direct Use in Million Kilowatthours,12009.891,Million Kilowatthours
2018-06,LOTCBUS,Total Electrical Energy System Losses Proportioned to the End-Use Sectors in Trillion Btu,1903.279,Trillion Btu
2018-07,ELDUPUS,Electricity Direct Use in Million Kilowatthours,12975.004,Million Kilowatthours
2018-07,LOTCBUS,Total Electrical Energy System Losses Proportioned to the End-Use Sectors in Trillion Btu,2196.009,Trillion Btu
2018-08,ELDUPUS,Electricity Direct Use in Million Kilowatthours,13059.674,Million Kilowatthours
2018-08,LOTCBUS,Total Electrical Energy System Losses Proportioned to the End-Use Sectors in Trillion Btu,2134.765,Trillion Btu
2018-09,ELDUPUS,Electricity Direct Use in Million Kilowatthours,11990.922,Million Kilowatthours
2018-09,LOTCBUS,Total Electrical Energy System Losses Proportioned to the End-Use Sectors in Trillion Btu,1829.515,Trillion Btu
2018-10,ELDUPUS,Electricity Direct Use in Million Kilowatthours,11847.855,Million Kilowatthours
2018-10,LOTCBUS,Total Electrical Energy System Losses Proportioned to the End-Use Sectors in Trillion Btu,1622.586,Trillion Btu
2018-11,ELDUPUS,Electricity Direct Use in Million Kilowatthours,11959.293,Million Kilowatthours
2018-11,LOTCBUS,Total Electrical Energy System Losses Proportioned to the End-Use Sectors in Trillion Btu,1676.288,Trillion Btu
2018-12,ELDUPUS,Electricity Direct Use in Million Kilowatthours,12420.248,Million Kilowatthours
2018-12,LOTCBUS,Total Electrical Energy System Losses Proportioned to the End-Use Sectors in Trillion Btu,1769.545,Trillion Btu
2019-01,ELDUPUS,Electricity Direct Use in Million Kilowatthours,12527.972,Million Kilowatthours
2019-01,LOTCBUS,Total Electrical Energy System Losses Proportioned to the End-Use Sectors in Trillion Btu,1841.673,Trillion Btu
2019-02,ELDUPUS,Electricity Direct Use in Million Kilowatthours,10943.751,Million Kilowatthours
2019-02,LOTCBUS,Total Electrical Energy System Losses Proportioned to the End-Use Sectors in Trillion Btu,1558.853,Trillion Btu
2019-03,ELDUPUS,Electricity Direct Use in Million Kilowatthours,11721.253,Million Kilowatthours
2019-03,LOTCBUS,Total Electrical Energy System Losses Proportioned to the End-Use Sectors in Trillion Btu,1585.633,Trillion Btu
2019-04,ELDUPUS,Electricity Direct Use in Million Kilowatthours,10910.48,Million Kilowatthours
2019-04,LOTCBUS,Total Electrical Energy System Losses Proportioned to the End-Use Sectors in Trillion Btu,1367.766,Trillion Btu
2019-05,ELDUPUS,Electricity Direct Use in Million Kilowatthours,11415.149,Million Kilowatthours
2019-05,LOTCBUS,Total Electrical Energy System Losses Proportioned to the End-Use Sectors in Trillion Btu,1598.452,Trillion Btu
2019-06,ELDUPUS,Electricity Direct Use in Million Kilowatthours,11727.767,Million Kilowatthours
2019-06,LOTCBUS,Total Electrical Energy System Losses Proportioned to the End-Use Sectors in Trillion Btu,1749.493,Trillion Btu
2019-07,ELDUPUS,Electricity Direct Use in Million Kilowatthours,12797.592,Million Kilowatthours
2019-07,LOTCBUS,Total Electrical Energy System Losses Proportioned to the End-Use Sectors in Trillion Btu,2086.24,Trillion Btu
2019-08,ELDUPUS,Electricity Direct Use in Million Kilowatthours,12828.158,Million Kilowatthours
2019-08,LOTCBUS,Total Electrical Energy System Losses Proportioned to the End-Use Sectors in Trillion Btu,2038.83,Trillion Btu
2019-09,ELDUPUS,Electricity Direct Use in Million Kilowatthours,12032.025,Million Kilowatthours
2019-09,LOTCBUS,Total Electrical Energy System Losses Proportioned to the End-Use Sectors in Trillion Btu,1775.025,Trillion Btu
2019-10,ELDUPUS,Electricity Direct Use in Million Kilowatthours,11792.936,Million Kilowatthours
2019-10,LOTCBUS,Total Electrical Energy System Losses Proportioned to the End-Use Sectors in Trillion Btu,1506.933,Trillion Btu
2019-11,ELDUPUS,Electricity Direct Use in Million Kilowatthours,12007.712,Million Kilowatthours
2019-11,LOTCBUS,Total Electrical Energy System Losses Proportioned to the End-Use Sectors in Trillion Btu,1567.691,Trillion Btu
2019-12,ELDUPUS,Electricity Direct Use in Million Kilowatthours,12565.543,Million Kilowatthours
2019-12,LOTCBUS,Total Electrical Energy System Losses Proportioned to the End-Use Sectors in Trillion Btu,1661.233,Trillion Btu
2020-01,ELDUPUS,Electricity Direct Use in Million Kilowatthours,12755.29,Million Kilowatthours
2020-01,LOTCBUS,Total Electrical Energy System Losses Proportioned to the End-Use Sectors in Trillion Btu,1637.991,Trillion Btu
2020-02,ELDUPUS,Electricity Direct Use in Million Kilowatthours,11804.656,Million Kilowatthours
2020-02,LOTCBUS,Total Electrical Energy System Losses Proportioned to the End-Use Sectors in Trillion Btu,1480.936,Trillion Btu
2020-03,ELDUPUS,Electricity Direct Use in Million Kilowatthours,11898.045,Million Kilowatthours
2020-03,LOTCBUS,Total Electrical Energy System Losses Proportioned to the End-Use Sectors in Trillion Btu,1418.852,Trillion Btu
2020-04,ELDUPUS,Electricity Direct Use in Million Kilowatthours,10767.269,Million Kilowatthours
2020-04,LOTCBUS,Total Electrical Energy System Losses Proportioned to the End-Use Sectors in Trillion Btu,1240.351,Trillion Btu
2020-05,ELDUPUS,Electricity Direct Use in Million Kilowatthours,10956.022,Million Kilowatthours
2020-05,LOTCBUS,Total Electrical Energy System Losses Proportioned to the End-Use Sectors in Trillion Btu,1401.614,Trillion Btu
2020-06,ELDUPUS,Electricity Direct Use in Million Kilowatthours,11290.061,Million Kilowatthours
2020-06,LOTCBUS,Total Electrical Energy System Losses Proportioned to the End-Use Sectors in Trillion Btu,1674.125,Trillion Btu
2020-07,ELDUPUS,Electricity Direct Use in Million Kilowatthours,12030.919,Million Kilowatthours
2020-07,LOTCBUS,Total Electrical Energy System Losses Proportioned to the End-Use Sectors in Trillion Btu,2041.702,Trillion Btu
2020-08,ELDUPUS,Electricity Direct Use in Million Kilowatthours,12090.12,Million Kilowatthours
2020-08,LOTCBUS,Total Electrical Energy System Losses Proportioned to the End-Use Sectors in Trillion Btu,2000.938,Trillion Btu
2020-09,ELDUPUS,Electricity Direct Use in Million Kilowatthours,11107.672,Million Kilowatthours
2020-09,LOTCBUS,Total Electrical Energy System Losses Proportioned to the End-Use Sectors in Trillion Btu,1596.999,Trillion Btu
2020-10,ELDUPUS,Electricity Direct Use in Million Kilowatthours,10954.224,Million Kilowatthours
2020-10,LOTCBUS,Total Electrical Energy System Losses Proportioned to the End-Use Sectors in Trillion Btu,1475.311,Trillion Btu
2020-11,ELDUPUS,Electricity Direct Use in Million Kilowatthours,10933.486,Million Kilowatthours
2020-11,LOTCBUS,Total Electrical Energy System Losses Proportioned to the End-Use Sectors in Trillion Btu,1412.161,Trillion Btu
2020-12,ELDUPUS,Electricity Direct Use in Million Kilowatthours,12114.777,Million Kilowatthours
2020-12,LOTCBUS,Total Electrical Energy System Losses Proportioned to the End-Use Sectors in Trillion Btu,1663.167,Trillion Btu
2021-01,ELDUPUS,Electricity Direct Use in Million Kilowatthours,12480.054,Million Kilowatthours
2021-01,LOTCBUS,Total Electrical Energy System Losses Proportioned to the End-Use Sectors in Trillion Btu,1678.164,Trillion Btu
2021-02,ELDUPUS,Electricity Direct Use in Million Kilowatthours,10118.249,Million Kilowatthours
2021-02,LOTCBUS,Total Electrical Energy System Losses Proportioned to the End-Use Sectors in Trillion Btu,1606.603,Trillion Btu
2021-03,ELDUPUS,Electricity Direct Use in Million Kilowatthours,10927.655,Million Kilowatthours
2021-03,LOTCBUS,Total Electrical Energy System Losses Proportioned to the End-Use Sectors in Trillion Btu,1382.377,Trillion Btu
2021-04,ELDUPUS,Electricity Direct Use in Million Kilowatthours,10550.093,Million Kilowatthours
2021-04,LOTCBUS,Total Electrical Energy System Losses Proportioned to the End-Use Sectors in Trillion Btu,1305.999,Trillion Btu
2021-05,ELDUPUS,Electricity Direct Use in Million Kilowatthours,11061.69,Million Kilowatthours
2021-05,LOTCBUS,Total Electrical Energy System Losses Proportioned to the End-Use Sectors in Trillion Btu,1488.246,Trillion Btu
2021-06,ELDUPUS,Electricity Direct Use in Million Kilowatthours,11783.889,Million Kilowatthours
2021-06,LOTCBUS,Total Electrical Energy System Losses Proportioned to the End-Use Sectors in Trillion Btu,1846.301,Trillion Btu
2021-07,ELDUPUS,Electricity Direct Use in Million Kilowatthours,12677.624,Million Kilowatthours
2021-07,LOTCBUS,Total Electrical Energy System Losses Proportioned to the End-Use Sectors in Trillion Btu,2051.901,Trillion Btu
2021-08,ELDUPUS,Electricity Direct Use in Million Kilowatthours,12588.638,Million Kilowatthours
2021-08,LOTCBUS,Total Electrical Energy System Losses Proportioned to the End-Use Sectors in Trillion Btu,2067.933,Trillion Btu
2021-09,ELDUPUS,Electricity Direct Use in Million Kilowatthours,11388.282,Million Kilowatthours
2021-09,LOTCBUS,Total Electrical Energy System Losses Proportioned to the End-Use Sectors in Trillion Btu,1645.175,Trillion Btu
2021-10,ELDUPUS,Electricity Direct Use in Million Kilowatthours,11485.871,Million Kilowatthours
2021-10,LOTCBUS,Total Electrical Energy System Losses Proportioned to the End-Use Sectors in Trillion Btu,1483.241,Trillion Btu
2021-11,ELDUPUS,Electricity Direct Use in Million Kilowatthours,11705.066,Million Kilowatthours
2021-11,LOTCBUS,Total Electrical Energy System Losses Proportioned to the End-Use Sectors in Trillion Btu,1466.931,Trillion Btu
2021-12,ELDUPUS,Electricity Direct Use in Million Kilowatthours,12147.957,Million Kilowatthours
2021-12,LOTCBUS,Total Electrical Energy System Losses Proportioned to the End-Use Sectors in Trillion Btu,1554.33,Trillion Btu
2022-01,ELDUPUS,Electricity Direct Use in Million Kilowatthours,12397.126,Million Kilowatthours
2022-01,LOTCBUS,Total Electrical Energy System Losses Proportioned to the End-Use Sectors in Trillion Btu,1799.911,Trillion Btu
2022-02,ELDUPUS,Electricity Direct Use in Million Kilowatthours,10831.033,Million Kilowatthours
2022-02,LOTCBUS,Total Electrical Energy System Losses Proportioned to the End-Use Sectors in Trillion Btu,1476.651,Trillion Btu
2022-03,ELDUPUS,Electricity Direct Use in Million Kilowatthours,11586.596,Million Kilowatthours
2022-03,LOTCBUS,Total Electrical Energy System Losses Proportioned to the End-Use Sectors in Trillion Btu,1398.729,Trillion Btu
2022-04,ELDUPUS,Electricity Direct Use in Million Kilowatthours,10854.681,Million Kilowatthours
2022-04,LOTCBUS,Total Electrical Energy System Losses Proportioned to the End-Use Sectors in Trillion Btu,1279.68,Trillion Btu
2022-05,ELDUPUS,Electricity Direct Use in Million Kilowatthours,11466.94,Million Kilowatthours
2022-05,LOTCBUS,Total Electrical Energy System Losses Proportioned to the End-Use Sectors in Trillion Btu,1551.954,Trillion Btu
2022-06,ELDUPUS,Electricity Direct Use in Million Kilowatthours,11689.508,Million Kilowatthours
2022-06,LOTCBUS,Total Electrical Energy System Losses Proportioned to the End-Use Sectors in Trillion Btu,1792.634,Trillion Btu
2022-07,ELDUPUS,Electricity Direct Use in Million Kilowatthours,12567.46,Million Kilowatthours
2022-07,LOTCBUS,Total Electrical Energy System Losses Proportioned to the End-Use Sectors in Trillion Btu,2081.261,Trillion Btu
2022-08,ELDUPUS,Electricity Direct Use in Million Kilowatthours,12559.585,Million Kilowatthours
2022-08,LOTCBUS,Total Electrical Energy System Losses Proportioned to the End-Use Sectors in Trillion Btu,2003.279,Trillion Btu
2022-09,ELDUPUS,Electricity Direct Use in Million Kilowatthours,11308.711,Million Kilowatthours
2022-09,LOTCBUS,Total Electrical Energy System Losses Proportioned to the End-Use Sectors in Trillion Btu,1627.197,Trillion Btu
2022-10,ELDUPUS,Electricity Direct Use in Million Kilowatthours,11166.98,Million Kilowatthours
2022-10,LOTCBUS,Total Electrical Energy System Losses Proportioned to the End-Use Sectors in Trillion Btu,1430.907,Trillion Btu
2022-11,ELDUPUS,Electricity Direct Use in Million Kilowatthours,11554.597,Million Kilowatthours
2022-11,LOTCBUS,Total Electrical Energy System Losses Proportioned to the End-Use Sectors in Trillion Btu,1480.387,Trillion Btu
2022-12,ELDUPUS,Electricity Direct Use in Million Kilowatthours,11742.484,Million Kilowatthours
2022-12,LOTCBUS,Total Electrical Energy System Losses Proportioned to the End-Use Sectors in Trillion Btu,1729.516,Trillion Btu
2023-01,ELDUPUS,Electricity Direct Use in Million Kilowatthours,11426.6,Million Kilowatthours
2023-01,LOTCBUS,Total Electrical Energy System Losses Proportioned to the End-Use Sectors in Trillion Btu,1586.409,Trillion Btu
2023-02,ELDUPUS,Electricity Direct Use in Million Kilowatthours,10634.624,Million Kilowatthours
2023-02,LOTCBUS,Total Electrical Energy System Losses Proportioned to the End-Use Sectors in Trillion Btu,1330.933,Trillion Btu
2023-03,ELDUPUS,Electricity Direct Use in Million Kilowatthours,11397.124,Million Kilowatthours
2023-03,LOTCBUS,Total Electrical Energy System Losses Proportioned to the End-Use Sectors in Trillion Btu,1433.168,Trillion Btu
2023-04,ELDUPUS,Electricity Direct Use in Million Kilowatthours,10078.961,Million Kilowatthours
2023-04,LOTCBUS,Total Electrical Energy System Losses Proportioned to the End-Use Sectors in Trillion Btu,1264.124,Trillion Btu
2023-05,ELDUPUS,Electricity Direct Use in Million Kilowatthours,11058.187,Million Kilowatthours
2023-05,LOTCBUS,Total Electrical Energy System Losses Proportioned to the End-Use Sectors in Trillion Btu,1434.01,Trillion Btu
2023-06,ELDUPUS,Electricity Direct Use in Million Kilowatthours,11539.975,Million Kilowatthours
2023-06,LOTCBUS,Total Electrical Energy System Losses Proportioned to the End-Use Sectors in Trillion Btu,1677.062,Trillion Btu
2023-07,ELDUPUS,Electricity Direct Use in Million Kilowatthours,12197.849,Million Kilowatthours
2023-07,LOTCBUS,Total Electrical Energy System Losses Proportioned to the End-Use Sectors in Trillion Btu,2051.07,Trillion Btu
2023-08,ELDUPUS,Electricity Direct Use in Million Kilowatthours,12283.085,Million Kilowatthours
2023-08,LOTCBUS,Total Electrical Energy System Losses Proportioned to the End-Use Sectors in Trillion Btu,2014.503,Trillion Btu
2023-09,ELDUPUS,Electricity Direct Use in Million Kilowatthours,11618.294,Million Kilowatthours
2023-09,LOTCBUS,Total Electrical Energy System Losses Proportioned to the End-Use Sectors in Trillion Btu,1633.131,Trillion Btu
2023-10,ELDUPUS,Electricity Direct Use in Million Kilowatthours,11221.211,Million Kilowatthours
2023-10,LOTCBUS,Total Electrical Energy System Losses Proportioned to the End-Use Sectors in Trillion Btu,1460.633,Trillion Btu
2023-11,ELDUPUS,Electricity Direct Use in Million Kilowatthours,11441.975,Million Kilowatthours
2023-11,LOTCBUS,Total Electrical Energy System Losses Proportioned to the End-Use Sectors in Trillion Btu,1455.749,Trillion Btu
2023-12,ELDUPUS,Electricity Direct Use in Million Kilowatthours,12020.271,Million Kilowatthours
2023-12,LOTCBUS,Total Electrical Energy System Losses Proportioned to the End-Use Sectors in Trillion Btu,1582.229,Trillion Btu
2024-01,ELDUPUS,Electricity Direct Use in Million Kilowatthours,12265.942,Million Kilowatthours
2024-01,LOTCBUS,Total Electrical Energy System Losses Proportioned to the End-Use Sectors in Trillion Btu,1805.186,Trillion Btu
2024-02,ELDUPUS,Electricity Direct Use in Million Kilowatthours,11001.805,Million Kilowatthours
2024-02,LOTCBUS,Total Electrical Energy System Losses Proportioned to the End-Use Sectors in Trillion Btu,1365.681,Trillion Btu
2024-03,ELDUPUS,Electricity Direct Use in Million Kilowatthours,11090.292,Million Kilowatthours
2024-03,LOTCBUS,Total Electrical Energy System Losses Proportioned to the End-Use Sectors in Trillion Btu,1344.305,Trillion Btu
2024-04,ELDUPUS,Electricity Direct Use in Million Kilowatthours,10760.13,Million Kilowatthours
2024-04,LOTCBUS,Total Electrical Energy System Losses Proportioned to the End-Use Sectors in Trillion Btu,1266.539,Trillion Btu
2024-05,ELDUPUS,Electricity Direct Use in Million Kilowatthours,11076.596,Million Kilowatthours
2024-05,LOTCBUS,Total Electrical Energy System Losses Proportioned to the End-Use Sectors in Trillion Btu,1514.858,Trillion Btu
2024-06,ELDUPUS,Electricity Direct Use in Million Kilowatthours,11042.302,Million Kilowatthours
2024-06,LOTCBUS,Total Electrical Energy System Losses Proportioned to the End-Use Sectors in Trillion Btu,1761.94,Trillion Btu
2024-07,ELDUPUS,Electricity Direct Use in Million Kilowatthours,11900.073,Million Kilowatthours
2024-07,LOTCBUS,Total Electrical Energy System Losses Proportioned to the End-Use Sectors in Trillion Btu,2016.278,Trillion Btu
2024-08,ELDUPUS,Electricity Direct Use in Million Kilowatthours,12227.311,Million Kilowatthours
2024-08,LOTCBUS,Total Electrical Energy System Losses Proportioned to the End-Use Sectors in Trillion Btu,1974.825,Trillion Btu
2024-09,ELDUPUS,Electricity Direct Use in Million Kilowatthours,11025.016,Million Kilowatthours
2024-09,LOTCBUS,Total Electrical Energy System Losses Proportioned to the End-Use Sectors in Trillion Btu,1607.456,Trillion Btu
2024-10,ELDUPUS,Electricity Direct Use in Million Kilowatthours,10263.655,Million Kilowatthours
2024-10,LOTCBUS,Total Electrical Energy System Losses Proportioned to the End-Use Sectors in Trillion Btu,1452.295,Trillion Btu
2024-11,ELDUPUS,Electricity Direct Use in Million Kilowatthours,10715.327,Million Kilowatthours
2024-11,LOTCBUS,Total Electrical Energy System Losses Proportioned to the End-Use Sectors in Trillion Btu,1433.546,Trillion Btu
2024-12,ELDUPUS,Electricity Direct Use in Million Kilowatthours,11672.072,Million Kilowatthours
2024-12,LOTCBUS,Total Electrical Energy System Losses Proportioned to the End-Use Sectors in Trillion Btu,1658.923,Trillion Btu
2025-01,ELDUPUS,Electricity Direct Use in Million Kilowatthours,12282.129,Million Kilowatthours
2025-01,LOTCBUS,Total Electrical Energy System Losses Proportioned to the End-Use Sectors in Trillion Btu,1887.074,Trillion Btu
2025-02,ELDUPUS,Electricity Direct Use in Million Kilowatthours,10757.936,Million Kilowatthours
2025-02,LOTCBUS,Total Electrical Energy System Losses Proportioned to the End-Use Sectors in Trillion Btu,1482.658,Trillion Btu
2025-03,ELDUPUS,Electricity Direct Use in Million Kilowatthours,11397.714,Million Kilowatthours
2025-03,LOTCBUS,Total Electrical Energy System Losses Proportioned to the End-Use Sectors in Trillion Btu,1361.688,Trillion Btu
2025-04,ELDUPUS,Electricity Direct Use in Million Kilowatthours,10556.855,Million Kilowatthours
2025-04,LOTCBUS,Total Electrical Energy System Losses Proportioned to the End-Use Sectors in Trillion Btu,1309.28,Trillion Btu
2025-05,ELDUPUS,Electricity Direct Use in Million Kilowatthours,10822.496,Million Kilowatthours
2025-05,LOTCBUS,Total Electrical Energy System Losses Proportioned to the End-Use Sectors in Trillion Btu,1468.257,Trillion Btu
2025-06,ELDUPUS,Electricity Direct Use in Million Kilowatthours,11264.272,Million Kilowatthours
2025-06,LOTCBUS,Total Electrical Energy System Losses Proportioned to the End-Use Sectors in Trillion Btu,1769.748,Trillion Btu
2025-07,ELDUPUS,Electricity Direct Use in Million Kilowatthours,11964.002,Million Kilowatthours
2025-07,LOTCBUS,Total Electrical Energy System Losses Proportioned to the End-Use Sectors in Trillion Btu,2078.607,Trillion Btu
2025-08,ELDUPUS,Electricity Direct Use in Million Kilowatthours,12039.962,Million Kilowatthours
2025-08,LOTCBUS,Total Electrical Energy System Losses Proportioned to the End-Use Sectors in Trillion Btu,1919.162,Trillion Btu
2025-09,ELDUPUS,Electricity Direct Use in Million Kilowatthours,11479.217,Million Kilowatthours
2025-09,LOTCBUS,Total Electrical Energy System Losses Proportioned to the End-Use Sectors in Trillion Btu,1673.091,Trillion Btu
2025-10,ELDUPUS,Electricity Direct Use in Million Kilowatthours,11356.643,Million Kilowatthours
2025-10,LOTCBUS,Total Electrical Energy System Losses Proportioned to the End-Use Sectors in Trillion Btu,1489.886,Trillion Btu
2025-11,ELDUPUS,Electricity Direct Use in Million Kilowatthours,11357.583,Million Kilowatthours
2025-11,LOTCBUS,Total Electrical Energy System Losses Proportioned to the End-Use Sectors in Trillion Btu,1509.195,Trillion Btu
2025-12,ELDUPUS,Electricity Direct Use in Million Kilowatthours,11798.583,Million Kilowatthours
2025-12,LOTCBUS,Total Electrical Energy System Losses Proportioned to the End-Use Sectors in Trillion Btu,1731.004,Trillion Btu
2026-01,ELDUPUS,Electricity Direct Use in Million Kilowatthours,11831.307,Million Kilowatthours
2026-01,LOTCBUS,Total Electrical Energy System Losses Proportioned to the End-Use Sectors in Trillion Btu,1818.922,Trillion Btu
